Timestamp,RawValue,MoisturePercent,WaterAddedCups,WeatherTimestamps,Temperature_C,Humidity_pct
2/27/2026 22:02:11,1654,69,0,2/27/2026 22:00:00,9.4,85
2/27/2026 22:32:11,1662,68.5,0,2/27/2026 22:00:00,9.4,85
2/27/2026 23:02:11,1657,68.8,0,2/27/2026 23:00:00,8.9,85
2/27/2026 23:32:11,1647,69.5,0,2/27/2026 23:00:00,8.9,85
2/28/2026 0:02:11,1663,68.4,0,2/28/2026 0:00:00,9.2,89
2/28/2026 0:32:11,1660,68.6,0,2/28/2026 0:00:00,9.2,89
2/28/2026 1:02:11,1662,68.5,0,2/28/2026 1:00:00,8.6,91
2/28/2026 1:32:11,1666,68.2,0,2/28/2026 1:00:00,8.6,91
2/28/2026 2:02:11,1668,68.1,0,2/28/2026 2:00:00,7.8,92
2/28/2026 2:32:11,1677,67.5,0,2/28/2026 2:00:00,7.8,92
2/28/2026 3:02:11,1675,67.6,0,2/28/2026 3:00:00,7.9,94
2/28/2026 3:32:11,1672,67.8,0,2/28/2026 3:00:00,7.9,94
2/28/2026 4:02:11,1667,68.2,0,2/28/2026 4:00:00,8.1,93
2/28/2026 4:32:11,1666,68.2,0,2/28/2026 4:00:00,8.1,93
2/28/2026 5:02:11,1678,67.4,0,2/28/2026 5:00:00,7.6,96
2/28/2026 5:32:11,1688,66.8,0,2/28/2026 5:00:00,7.6,96
2/28/2026 6:02:11,1679,67.4,0,2/28/2026 6:00:00,7.9,96
2/28/2026 6:32:11,1679,67.4,0,2/28/2026 6:00:00,7.9,96
2/28/2026 7:02:11,1686,66.9,0,2/28/2026 7:00:00,7.6,95
2/28/2026 7:32:11,1671,67.9,0,2/28/2026 7:00:00,7.6,95
2/28/2026 8:02:11,1682,67.2,0,2/28/2026 8:00:00,7.2,88
2/28/2026 8:32:11,1693,66.4,0,2/28/2026 8:00:00,7.2,88
2/28/2026 9:02:11,1464,81.7,1.5,2/28/2026 9:00:00,7.1,86
2/28/2026 9:32:11,1458,82.1,0,2/28/2026 9:00:00,7.1,86
2/28/2026 10:02:11,1467,81.5,0,2/28/2026 10:00:00,7.7,83
2/28/2026 10:32:11,1470,81.3,0,2/28/2026 10:00:00,7.7,83
2/28/2026 11:02:11,1478,80.8,0,2/28/2026 11:00:00,8.9,74
2/28/2026 11:32:11,1468,81.5,0,2/28/2026 11:00:00,8.9,74
2/28/2026 12:02:11,1485,80.3,0,2/28/2026 12:00:00,9.2,72
2/28/2026 12:32:11,1473,81.1,0,2/28/2026 12:00:00,9.2,72
2/28/2026 13:02:11,1470,81.3,0,2/28/2026 13:00:00,9.6,71
2/28/2026 13:32:11,1491,79.9,0,2/28/2026 13:00:00,9.6,71
2/28/2026 14:02:11,1493,79.8,0,2/28/2026 14:00:00,10.1,67
2/28/2026 14:32:11,1512,78.5,0,2/28/2026 14:00:00,10.1,67
2/28/2026 15:02:11,1516,78.3,0,2/28/2026 15:00:00,9.7,66
2/28/2026 15:32:11,1505,79,0,2/28/2026 15:00:00,9.7,66
2/28/2026 16:02:11,1527,77.5,0,2/28/2026 16:00:00,9.8,58
2/28/2026 16:32:11,1517,78.2,0,2/28/2026 16:00:00,9.8,58
2/28/2026 17:02:11,1529,77.4,0,2/28/2026 17:00:00,9.4,58
2/28/2026 17:32:11,1532,77.2,0,2/28/2026 17:00:00,9.4,58
2/28/2026 18:02:11,1539,76.7,0,2/28/2026 18:00:00,8.2,59
2/28/2026 18:32:11,1549,76.1,0,2/28/2026 18:00:00,8.2,59
2/28/2026 19:02:11,1552,75.9,0,2/28/2026 19:00:00,7.6,61
2/28/2026 19:32:11,1554,75.7,0,2/28/2026 19:00:00,7.6,61
2/28/2026 20:02:11,1560,75.3,0,2/28/2026 20:00:00,6.7,68
2/28/2026 20:32:11,1561,75.3,0,2/28/2026 20:00:00,6.7,68
2/28/2026 21:02:11,1553,75.8,0,2/28/2026 21:00:00,6.2,76
2/28/2026 21:32:11,1554,75.7,0,2/28/2026 21:00:00,6.2,76
2/28/2026 22:02:11,1557,75.5,0,2/28/2026 22:00:00,6,81
2/28/2026 22:32:11,1567,74.9,0,2/28/2026 22:00:00,6,81
2/28/2026 23:02:11,1562,75.2,0,2/28/2026 23:00:00,6.3,83
2/28/2026 23:32:11,1584,73.7,0,2/28/2026 23:00:00,6.3,83
3/1/2026 0:02:11,1561,75.3,0,3/1/2026 0:00:00,7.2,82
3/1/2026 0:32:11,1560,75.3,0,3/1/2026 0:00:00,7.2,82
3/1/2026 1:02:11,1576,74.3,0,3/1/2026 1:00:00,6.9,83
3/1/2026 1:32:11,1583,73.8,0,3/1/2026 1:00:00,6.9,83
3/1/2026 2:02:11,1577,74.2,0,3/1/2026 2:00:00,6.9,85
3/1/2026 2:32:11,1581,73.9,0,3/1/2026 2:00:00,6.9,85
3/1/2026 3:02:11,1588,73.4,0,3/1/2026 3:00:00,7.2,86
3/1/2026 3:32:11,1577,74.2,0,3/1/2026 3:00:00,7.2,86
3/1/2026 4:02:11,1568,74.8,0,3/1/2026 4:00:00,7.4,87
3/1/2026 4:32:11,1576,74.3,0,3/1/2026 4:00:00,7.4,87
3/1/2026 5:02:11,1590,73.3,0,3/1/2026 5:00:00,7.9,85
3/1/2026 5:32:11,1572,74.5,0,3/1/2026 5:00:00,7.9,85
3/1/2026 6:02:11,1585,73.6,0,3/1/2026 6:00:00,8.2,88
3/1/2026 6:32:11,1589,73.4,0,3/1/2026 6:00:00,8.2,88
3/1/2026 7:02:11,1586,73.6,0,3/1/2026 7:00:00,8.4,88
3/1/2026 7:32:11,1595,73,0,3/1/2026 7:00:00,8.4,88
3/1/2026 8:02:11,1596,72.9,0,3/1/2026 8:00:00,8.8,88
3/1/2026 8:32:11,1614,71.7,0,3/1/2026 8:00:00,8.8,88
3/1/2026 9:02:11,1604,72.4,0,3/1/2026 9:00:00,9.4,88
3/1/2026 9:32:11,1599,72.7,0,3/1/2026 9:00:00,9.4,88
3/1/2026 10:02:11,1603,72.4,0,3/1/2026 10:00:00,10.6,83
3/1/2026 10:32:11,1605,72.3,0,3/1/2026 10:00:00,10.6,83
3/1/2026 11:02:11,1624,71,0,3/1/2026 11:00:00,9.9,87
3/1/2026 11:32:11,1616,71.6,0,3/1/2026 11:00:00,9.9,87
3/1/2026 12:02:11,1624,71,0,3/1/2026 12:00:00,10.4,91
3/1/2026 12:32:11,1636,70.2,0,3/1/2026 12:00:00,10.4,91
3/1/2026 13:02:11,1629,70.7,0,3/1/2026 13:00:00,11.9,86
3/1/2026 13:32:11,1637,70.2,0,3/1/2026 13:00:00,11.9,86
3/1/2026 14:02:11,1630,70.6,0,3/1/2026 14:00:00,11.5,86
3/1/2026 14:32:11,1641,69.9,0,3/1/2026 14:00:00,11.5,86
3/1/2026 15:02:11,1650,69.3,0,3/1/2026 15:00:00,12.5,78
3/1/2026 15:32:11,1663,68.4,0,3/1/2026 15:00:00,12.5,78
3/1/2026 16:02:11,1674,67.7,0,3/1/2026 16:00:00,12.1,82
3/1/2026 16:32:11,1669,68,0,3/1/2026 16:00:00,12.1,82
3/1/2026 17:02:11,1676,67.6,0,3/1/2026 17:00:00,11.4,83
3/1/2026 17:32:11,1680,67.3,0,3/1/2026 17:00:00,11.4,83
3/1/2026 18:02:11,1691,66.6,0,3/1/2026 18:00:00,10.8,88
3/1/2026 18:32:11,1694,66.4,0,3/1/2026 18:00:00,10.8,88
3/1/2026 19:02:11,1693,66.4,0,3/1/2026 19:00:00,10.8,88
3/1/2026 19:32:11,1687,66.8,0,3/1/2026 19:00:00,10.8,88
3/1/2026 20:02:11,1706,65.6,0,3/1/2026 20:00:00,10.9,85
3/1/2026 20:32:11,1704,65.7,0,3/1/2026 20:00:00,10.9,85
3/1/2026 21:02:11,1712,65.2,0,3/1/2026 21:00:00,10.8,83
3/1/2026 21:32:11,1704,65.7,0,3/1/2026 21:00:00,10.8,83
3/1/2026 22:02:11,1721,64.6,0,3/1/2026 22:00:00,10.7,81
3/1/2026 22:32:11,1704,65.7,0,3/1/2026 22:00:00,10.7,81
3/1/2026 23:02:11,1721,64.6,0,3/1/2026 23:00:00,10.5,79
3/1/2026 23:32:11,1711,65.2,0,3/1/2026 23:00:00,10.5,79
3/2/2026 0:02:11,1707,65.5,0,3/2/2026 0:00:00,10.1,81
3/2/2026 0:32:11,1704,65.7,0,3/2/2026 0:00:00,10.1,81
3/2/2026 1:02:11,1713,65.1,0,3/2/2026 1:00:00,9.8,82
3/2/2026 1:32:11,1727,64.2,0,3/2/2026 1:00:00,9.8,82
3/2/2026 2:02:11,1724,64.4,0,3/2/2026 2:00:00,9.6,81
3/2/2026 2:32:11,1724,64.4,0,3/2/2026 2:00:00,9.6,81
3/2/2026 3:02:11,1701,65.9,0,3/2/2026 3:00:00,9.4,80
3/2/2026 3:32:11,1727,64.2,0,3/2/2026 3:00:00,9.4,80
3/2/2026 4:02:11,1728,64.1,0,3/2/2026 4:00:00,9,81
3/2/2026 4:32:11,1720,64.6,0,3/2/2026 4:00:00,9,81
3/2/2026 5:02:11,1721,64.6,0,3/2/2026 5:00:00,8.9,80
3/2/2026 5:32:11,1728,64.1,0,3/2/2026 5:00:00,8.9,80
3/2/2026 6:02:11,1743,63.1,0,3/2/2026 6:00:00,8.9,80
3/2/2026 6:32:11,1722,64.5,0,3/2/2026 6:00:00,8.9,80
3/2/2026 7:02:11,1729,64,0,3/2/2026 7:00:00,8.8,81
3/2/2026 7:32:11,1745,63,0,3/2/2026 7:00:00,8.8,81
3/2/2026 8:02:11,1732,63.8,0,3/2/2026 8:00:00,9.3,80
3/2/2026 8:32:11,1736,63.6,0,3/2/2026 8:00:00,9.3,80
3/2/2026 9:02:11,1744,63,0,3/2/2026 9:00:00,10.3,78
3/2/2026 9:32:11,1738,63.4,0,3/2/2026 9:00:00,10.3,78
3/2/2026 10:02:11,1754,62.4,0,3/2/2026 10:00:00,11.6,74
3/2/2026 10:32:11,1746,62.9,0,3/2/2026 10:00:00,11.6,74
3/2/2026 11:02:11,1767,61.5,0,3/2/2026 11:00:00,12.7,70
3/2/2026 11:32:11,1765,61.6,0,3/2/2026 11:00:00,12.7,70
3/2/2026 12:02:11,1787,60.2,0,3/2/2026 12:00:00,14.1,66
3/2/2026 12:32:11,1776,60.9,0,3/2/2026 12:00:00,14.1,66
3/2/2026 13:02:11,1790,60,0,3/2/2026 13:00:00,14.6,64
3/2/2026 13:32:11,1773,61.1,0,3/2/2026 13:00:00,14.6,64
3/2/2026 14:02:11,1788,60.1,0,3/2/2026 14:00:00,14.6,63
3/2/2026 14:32:11,1796,59.6,0,3/2/2026 14:00:00,14.6,63
3/2/2026 15:02:11,1812,58.5,0,3/2/2026 15:00:00,14.4,64
3/2/2026 15:32:11,1790,60,0,3/2/2026 15:00:00,14.4,64
3/2/2026 16:02:11,1816,58.2,0,3/2/2026 16:00:00,13.9,66
3/2/2026 16:32:11,1818,58.1,0,3/2/2026 16:00:00,13.9,66
3/2/2026 17:02:11,1830,57.3,0,3/2/2026 17:00:00,12.9,70
3/2/2026 17:32:11,1828,57.4,0,3/2/2026 17:00:00,12.9,70
3/2/2026 18:02:11,1827,57.5,0,3/2/2026 18:00:00,11.9,71
3/2/2026 18:32:11,1827,57.5,0,3/2/2026 18:00:00,11.9,71
3/2/2026 19:02:11,1825,57.6,0,3/2/2026 19:00:00,11.2,73
3/2/2026 19:32:11,1841,56.6,0,3/2/2026 19:00:00,11.2,73
3/2/2026 20:02:11,1842,56.5,0,3/2/2026 20:00:00,10.9,75
3/2/2026 20:32:11,1861,55.2,0,3/2/2026 20:00:00,10.9,75
3/2/2026 21:02:11,1841,56.6,0,3/2/2026 21:00:00,10.5,77
3/2/2026 21:32:11,1850,56,0,3/2/2026 21:00:00,10.5,77
3/2/2026 22:02:11,1837,56.8,0,3/2/2026 22:00:00,9.8,81
3/2/2026 22:32:11,1848,56.1,0,3/2/2026 22:00:00,9.8,81
3/2/2026 23:02:11,1854,55.7,0,3/2/2026 23:00:00,9.1,84
3/2/2026 23:32:11,1860,55.3,0,3/2/2026 23:00:00,9.1,84
3/3/2026 0:02:11,1867,54.8,0,3/3/2026 0:00:00,7.7,89
3/3/2026 0:32:11,1856,55.6,0,3/3/2026 0:00:00,7.7,89
3/3/2026 1:02:11,1849,56,0,3/3/2026 1:00:00,7.4,91
3/3/2026 1:32:11,1863,55.1,0,3/3/2026 1:00:00,7.4,91
3/3/2026 2:02:11,1865,55,0,3/3/2026 2:00:00,6.9,93
3/3/2026 2:32:11,1867,54.8,0,3/3/2026 2:00:00,6.9,93
3/3/2026 3:02:11,1859,55.4,0,3/3/2026 3:00:00,6.5,95
3/3/2026 3:32:11,1875,54.3,0,3/3/2026 3:00:00,6.5,95
3/3/2026 4:02:11,1868,54.8,0,3/3/2026 4:00:00,6.3,95
3/3/2026 4:32:11,1874,54.4,0,3/3/2026 4:00:00,6.3,95
3/3/2026 5:02:11,1880,54,0,3/3/2026 5:00:00,6.1,96
3/3/2026 5:32:11,1877,54.2,0,3/3/2026 5:00:00,6.1,96
3/3/2026 6:02:11,1876,54.2,0,3/3/2026 6:00:00,5.9,95
3/3/2026 6:32:11,1892,53.1,0,3/3/2026 6:00:00,5.9,95
3/3/2026 7:02:11,1878,54.1,0,3/3/2026 7:00:00,6.4,95
3/3/2026 7:32:11,1875,54.3,0,3/3/2026 7:00:00,6.4,95
3/3/2026 8:02:11,1880,54,0,3/3/2026 8:00:00,6.9,95
3/3/2026 8:32:11,1895,52.9,0,3/3/2026 8:00:00,6.9,95
3/3/2026 9:02:11,1500,79.3,1.25,3/3/2026 9:00:00,8.2,92
3/3/2026 9:32:11,1507,78.9,0,3/3/2026 9:00:00,8.2,92
3/3/2026 10:02:11,1517,78.2,0,3/3/2026 10:00:00,9.8,86
3/3/2026 10:32:11,1507,78.9,0,3/3/2026 10:00:00,9.8,86
3/3/2026 11:02:11,1502,79.2,0,3/3/2026 11:00:00,11.3,82
3/3/2026 11:32:11,1522,77.9,0,3/3/2026 11:00:00,11.3,82
3/3/2026 12:02:11,1526,77.6,0,3/3/2026 12:00:00,12.7,77
3/3/2026 12:32:11,1524,77.7,0,3/3/2026 12:00:00,12.7,77
3/3/2026 13:02:11,1541,76.6,0,3/3/2026 13:00:00,13.6,72
3/3/2026 13:32:11,1544,76.4,0,3/3/2026 13:00:00,13.6,72
3/3/2026 14:02:11,1536,76.9,0,3/3/2026 14:00:00,14.1,69
3/3/2026 14:32:11,1553,75.8,0,3/3/2026 14:00:00,14.1,69
3/3/2026 15:02:11,1552,75.9,0,3/3/2026 15:00:00,14.1,69
3/3/2026 15:32:11,1547,76.2,0,3/3/2026 15:00:00,14.1,69
3/3/2026 16:02:11,1567,74.9,0,3/3/2026 16:00:00,13.7,71
3/3/2026 16:32:11,1568,74.8,0,3/3/2026 16:00:00,13.7,71
3/3/2026 17:02:11,1568,74.8,0,3/3/2026 17:00:00,12.6,75
3/3/2026 17:32:11,1582,73.8,0,3/3/2026 17:00:00,12.6,75
3/3/2026 18:02:11,1586,73.6,0,3/3/2026 18:00:00,10.6,76
3/3/2026 18:32:11,1581,73.9,0,3/3/2026 18:00:00,10.6,76
3/3/2026 19:02:11,1593,73.1,0,3/3/2026 19:00:00,9.3,78
3/3/2026 19:32:11,1603,72.4,0,3/3/2026 19:00:00,9.3,78
3/3/2026 20:02:11,1593,73.1,0,3/3/2026 20:00:00,8.5,80
3/3/2026 20:32:11,1603,72.4,0,3/3/2026 20:00:00,8.5,80
3/3/2026 21:02:11,1602,72.5,0,3/3/2026 21:00:00,7.9,82
3/3/2026 21:32:11,1621,71.2,0,3/3/2026 21:00:00,7.9,82
3/3/2026 22:02:11,1590,73.3,0,3/3/2026 22:00:00,7.3,85
3/3/2026 22:32:11,1612,71.8,0,3/3/2026 22:00:00,7.3,85
3/3/2026 23:02:11,1605,72.3,0,3/3/2026 23:00:00,6.8,87
3/3/2026 23:32:11,1608,72.1,0,3/3/2026 23:00:00,6.8,87
3/4/2026 0:02:11,1626,70.9,0,3/4/2026 0:00:00,6.3,89
3/4/2026 0:32:11,1612,71.8,0,3/4/2026 0:00:00,6.3,89
3/4/2026 1:02:11,1632,70.5,0,3/4/2026 1:00:00,6.2,91
3/4/2026 1:32:11,1612,71.8,0,3/4/2026 1:00:00,6.2,91
3/4/2026 2:02:11,1619,71.4,0,3/4/2026 2:00:00,5.8,93
3/4/2026 2:32:11,1614,71.7,0,3/4/2026 2:00:00,5.8,93
3/4/2026 3:02:11,1614,71.7,0,3/4/2026 3:00:00,5.6,94
3/4/2026 3:32:11,1622,71.2,0,3/4/2026 3:00:00,5.6,94
3/4/2026 4:02:11,1620,71.3,0,3/4/2026 4:00:00,5.4,95
3/4/2026 4:32:11,1626,70.9,0,3/4/2026 4:00:00,5.4,95
3/4/2026 5:02:11,1609,72,0,3/4/2026 5:00:00,5.2,96
3/4/2026 5:32:11,1643,69.8,0,3/4/2026 5:00:00,5.2,96
3/4/2026 6:02:11,1627,70.8,0,3/4/2026 6:00:00,5.2,100
3/4/2026 6:32:11,1644,69.7,0,3/4/2026 6:00:00,5.2,100
3/4/2026 7:02:11,1624,71,0,3/4/2026 7:00:00,5.3,99
3/4/2026 7:32:11,1635,70.3,0,3/4/2026 7:00:00,5.3,99
3/4/2026 8:02:11,1660,68.6,0,3/4/2026 8:00:00,5.7,100
3/4/2026 8:32:11,1632,70.5,0,3/4/2026 8:00:00,5.7,100
3/4/2026 9:02:11,1631,70.6,0,3/4/2026 9:00:00,6.2,99
3/4/2026 9:32:11,1643,69.8,0,3/4/2026 9:00:00,6.2,99
3/4/2026 10:02:11,1655,69,0,3/4/2026 10:00:00,7.4,95
3/4/2026 10:32:11,1661,68.6,0,3/4/2026 10:00:00,7.4,95
3/4/2026 11:02:11,1670,68,0,3/4/2026 11:00:00,9.4,89
3/4/2026 11:32:11,1662,68.5,0,3/4/2026 11:00:00,9.4,89
3/4/2026 12:02:11,1655,69,0,3/4/2026 12:00:00,10.4,83
3/4/2026 12:32:11,1670,68,0,3/4/2026 12:00:00,10.4,83
3/4/2026 13:02:11,1688,66.8,0,3/4/2026 13:00:00,11.7,80
3/4/2026 13:32:11,1687,66.8,0,3/4/2026 13:00:00,11.7,80
3/4/2026 14:02:11,1672,67.8,0,3/4/2026 14:00:00,12.8,77
3/4/2026 14:32:11,1693,66.4,0,3/4/2026 14:00:00,12.8,77
3/4/2026 15:02:11,1709,65.4,0,3/4/2026 15:00:00,13.3,77
3/4/2026 15:32:11,1720,64.6,0,3/4/2026 15:00:00,13.3,77
3/4/2026 16:02:11,1712,65.2,0,3/4/2026 16:00:00,13.2,78
3/4/2026 16:32:11,1715,65,0,3/4/2026 16:00:00,13.2,78
3/4/2026 17:02:11,1708,65.4,0,3/4/2026 17:00:00,12.4,82
3/4/2026 17:32:11,1715,65,0,3/4/2026 17:00:00,12.4,82
3/4/2026 18:02:11,1726,64.2,0,3/4/2026 18:00:00,10.4,85
3/4/2026 18:32:11,1734,63.7,0,3/4/2026 18:00:00,10.4,85
3/4/2026 19:02:11,1739,63.4,0,3/4/2026 19:00:00,9.2,87
3/4/2026 19:32:11,1735,63.6,0,3/4/2026 19:00:00,9.2,87
3/4/2026 20:02:11,1733,63.8,0,3/4/2026 20:00:00,8.9,87
3/4/2026 20:32:11,1738,63.4,0,3/4/2026 20:00:00,8.9,87
3/4/2026 21:02:11,1736,63.6,0,3/4/2026 21:00:00,8.9,85
3/4/2026 21:32:11,1752,62.5,0,3/4/2026 21:00:00,8.9,85
3/4/2026 22:02:11,1730,64,0,3/4/2026 22:00:00,9.2,82
3/4/2026 22:32:11,1748,62.8,0,3/4/2026 22:00:00,9.2,82
3/4/2026 23:02:11,1755,62.3,0,3/4/2026 23:00:00,9.6,79
3/4/2026 23:32:11,1765,61.6,0,3/4/2026 23:00:00,9.6,79
3/5/2026 0:02:11,1755,62.3,0,3/5/2026 0:00:00,9.6,74
3/5/2026 0:32:11,1764,61.7,0,3/5/2026 0:00:00,9.6,74
3/5/2026 1:02:11,1754,62.4,0,3/5/2026 1:00:00,9.1,75
3/5/2026 1:32:11,1753,62.4,0,3/5/2026 1:00:00,9.1,75
3/5/2026 2:02:11,1755,62.3,0,3/5/2026 2:00:00,8.7,77
3/5/2026 2:32:11,1774,61,0,3/5/2026 2:00:00,8.7,77
3/5/2026 3:02:11,1772,61.2,0,3/5/2026 3:00:00,8.4,79
3/5/2026 3:32:11,1769,61.4,0,3/5/2026 3:00:00,8.4,79
3/5/2026 4:02:11,1793,59.8,0,3/5/2026 4:00:00,8.1,80
3/5/2026 4:32:11,1768,61.4,0,3/5/2026 4:00:00,8.1,80
3/5/2026 5:02:11,1775,61,0,3/5/2026 5:00:00,7.8,81
3/5/2026 5:32:11,1774,61,0,3/5/2026 5:00:00,7.8,81
3/5/2026 6:02:11,1771,61.2,0,3/5/2026 6:00:00,7.1,82
3/5/2026 6:32:11,1793,59.8,0,3/5/2026 6:00:00,7.1,82
3/5/2026 7:02:11,1788,60.1,0,3/5/2026 7:00:00,6.9,83
3/5/2026 7:32:11,1766,61.6,0,3/5/2026 7:00:00,6.9,83
3/5/2026 8:02:11,1775,61,0,3/5/2026 8:00:00,7.7,82
3/5/2026 8:32:11,1786,60.2,0,3/5/2026 8:00:00,7.7,82
3/5/2026 9:02:11,1793,59.8,0,3/5/2026 9:00:00,9.5,79
3/5/2026 9:32:11,1780,60.6,0,3/5/2026 9:00:00,9.5,79
3/5/2026 10:02:11,1777,60.8,0,3/5/2026 10:00:00,11.5,75
3/5/2026 10:32:11,1784,60.4,0,3/5/2026 10:00:00,11.5,75
3/5/2026 11:02:11,1803,59.1,0,3/5/2026 11:00:00,13.3,71
3/5/2026 11:32:11,1807,58.8,0,3/5/2026 11:00:00,13.3,71
3/5/2026 12:02:11,1815,58.3,0,3/5/2026 12:00:00,15.5,66
3/5/2026 12:32:11,1811,58.6,0,3/5/2026 12:00:00,15.5,66
3/5/2026 13:02:11,1812,58.5,0,3/5/2026 13:00:00,16.5,63
3/5/2026 13:32:11,1811,58.6,0,3/5/2026 13:00:00,16.5,63
3/5/2026 14:02:11,1835,57,0,3/5/2026 14:00:00,17,61
3/5/2026 14:32:11,1840,56.6,0,3/5/2026 14:00:00,17,61
3/5/2026 15:02:11,1850,56,0,3/5/2026 15:00:00,16.9,60
3/5/2026 15:32:11,1853,55.8,0,3/5/2026 15:00:00,16.9,60
3/5/2026 16:02:11,1850,56,0,3/5/2026 16:00:00,16.2,62
3/5/2026 16:32:11,1867,54.8,0,3/5/2026 16:00:00,16.2,62
3/5/2026 17:02:11,1860,55.3,0,3/5/2026 17:00:00,15,68
3/5/2026 17:32:11,1860,55.3,0,3/5/2026 17:00:00,15,68
3/5/2026 18:02:11,1866,54.9,0,3/5/2026 18:00:00,13.8,72
3/5/2026 18:32:11,1869,54.7,0,3/5/2026 18:00:00,13.8,72
3/5/2026 19:02:11,1861,55.2,0,3/5/2026 19:00:00,12.8,76
3/5/2026 19:32:11,1884,53.7,0,3/5/2026 19:00:00,12.8,76
3/5/2026 20:02:11,1889,53.3,0,3/5/2026 20:00:00,12.3,77
3/5/2026 20:32:11,1885,53.6,0,3/5/2026 20:00:00,12.3,77
3/5/2026 21:02:11,1884,53.7,0,3/5/2026 21:00:00,12.1,77
3/5/2026 21:32:11,1894,53,0,3/5/2026 21:00:00,12.1,77
3/5/2026 22:02:11,1906,52.2,0,3/5/2026 22:00:00,10.9,82
3/5/2026 22:32:11,1895,52.9,0,3/5/2026 22:00:00,10.9,82
3/5/2026 23:02:11,1892,53.1,0,3/5/2026 23:00:00,10.8,82
3/5/2026 23:32:11,1892,53.1,0,3/5/2026 23:00:00,10.8,82
3/6/2026 0:02:11,1898,52.7,0,3/6/2026 0:00:00,10.2,85
3/6/2026 0:32:11,1890,53.3,0,3/6/2026 0:00:00,10.2,85
3/6/2026 1:02:11,1901,52.5,0,3/6/2026 1:00:00,10.1,87
3/6/2026 1:32:11,1904,52.3,0,3/6/2026 1:00:00,10.1,87
3/6/2026 2:02:11,1919,51.3,0,3/6/2026 2:00:00,10.1,87
3/6/2026 2:32:11,1914,51.7,0,3/6/2026 2:00:00,10.1,87
3/6/2026 3:02:11,1916,51.5,0,3/6/2026 3:00:00,9.7,89
3/6/2026 3:32:11,1904,52.3,0,3/6/2026 3:00:00,9.7,89
3/6/2026 4:02:11,1916,51.5,0,3/6/2026 4:00:00,9.6,90
3/6/2026 4:32:11,1903,52.4,0,3/6/2026 4:00:00,9.6,90
3/6/2026 5:02:11,1916,51.5,0,3/6/2026 5:00:00,9.6,90
3/6/2026 5:32:11,1919,51.3,0,3/6/2026 5:00:00,9.6,90
3/6/2026 6:02:11,1911,51.9,0,3/6/2026 6:00:00,9.2,92
3/6/2026 6:32:11,1934,50.3,0,3/6/2026 6:00:00,9.2,92
3/6/2026 7:02:11,1924,51,0,3/6/2026 7:00:00,8.6,93
3/6/2026 7:32:11,1906,52.2,0,3/6/2026 7:00:00,8.6,93
3/6/2026 8:02:11,1927,50.8,0,3/6/2026 8:00:00,8.7,93
3/6/2026 8:32:11,1924,51,0,3/6/2026 8:00:00,8.7,93
3/6/2026 9:02:11,1931,50.5,0,3/6/2026 9:00:00,9.1,90
3/6/2026 9:32:11,1939,50,0,3/6/2026 9:00:00,9.1,90
3/6/2026 10:02:11,1943,49.7,0,3/6/2026 10:00:00,9.9,87
3/6/2026 10:32:11,1927,50.8,0,3/6/2026 10:00:00,9.9,87
3/6/2026 11:02:11,1939,50,0,3/6/2026 11:00:00,11,84
3/6/2026 11:32:11,1958,48.7,0,3/6/2026 11:00:00,11,84
3/6/2026 12:02:11,1967,48.1,0,3/6/2026 12:00:00,10.2,82
3/6/2026 12:32:11,1976,47.5,0,3/6/2026 12:00:00,10.2,82
3/6/2026 13:02:11,1981,47.2,0,3/6/2026 13:00:00,10.2,83
3/6/2026 13:32:11,1955,48.9,0,3/6/2026 13:00:00,10.2,83
3/6/2026 14:02:11,1982,47.1,0,3/6/2026 14:00:00,10.3,82
3/6/2026 14:32:11,1966,48.2,0,3/6/2026 14:00:00,10.3,82
3/6/2026 15:02:11,1999,46,0,3/6/2026 15:00:00,9.1,92
3/6/2026 15:32:11,1993,46.4,0,3/6/2026 15:00:00,9.1,92
3/6/2026 16:02:11,1987,46.8,0,3/6/2026 16:00:00,8.4,92
3/6/2026 16:32:11,2017,44.8,0,3/6/2026 16:00:00,8.4,92
3/6/2026 17:02:11,2011,45.2,0,3/6/2026 17:00:00,8.2,94
3/6/2026 17:32:11,1995,46.3,0,3/6/2026 17:00:00,8.2,94
3/6/2026 18:02:11,2016,44.9,0,3/6/2026 18:00:00,8.1,94
3/6/2026 18:32:11,2012,45.1,0,3/6/2026 18:00:00,8.1,94
3/6/2026 19:02:11,2023,44.4,0,3/6/2026 19:00:00,7.9,95
3/6/2026 19:32:11,2023,44.4,0,3/6/2026 19:00:00,7.9,95
3/6/2026 20:02:11,2042,43.1,0,3/6/2026 20:00:00,7.7,94
3/6/2026 20:32:11,2021,44.5,0,3/6/2026 20:00:00,7.7,94
3/6/2026 21:02:11,2036,43.5,0,3/6/2026 21:00:00,7.5,94
3/6/2026 21:32:11,2050,42.6,0,3/6/2026 21:00:00,7.5,94
3/6/2026 22:02:11,2030,43.9,0,3/6/2026 22:00:00,7.4,94
3/6/2026 22:32:11,2040,43.3,0,3/6/2026 22:00:00,7.4,94
3/6/2026 23:02:11,2041,43.2,0,3/6/2026 23:00:00,7.6,93
3/6/2026 23:32:11,2036,43.5,0,3/6/2026 23:00:00,7.6,93
3/7/2026 0:02:11,2048,42.7,0,3/7/2026 0:00:00,7.5,93
3/7/2026 0:32:11,2045,42.9,0,3/7/2026 0:00:00,7.5,93
3/7/2026 1:02:11,2038,43.4,0,3/7/2026 1:00:00,7.3,92
3/7/2026 1:32:11,2061,41.9,0,3/7/2026 1:00:00,7.3,92
3/7/2026 2:02:11,2055,42.3,0,3/7/2026 2:00:00,7.2,93
3/7/2026 2:32:11,2049,42.7,0,3/7/2026 2:00:00,7.2,93
3/7/2026 3:02:11,2047,42.8,0,3/7/2026 3:00:00,7.1,93
3/7/2026 3:32:11,2047,42.8,0,3/7/2026 3:00:00,7.1,93
3/7/2026 4:02:11,2065,41.6,0,3/7/2026 4:00:00,7.1,94
3/7/2026 4:32:11,2055,42.3,0,3/7/2026 4:00:00,7.1,94
3/7/2026 5:02:11,2061,41.9,0,3/7/2026 5:00:00,7.1,94
3/7/2026 5:32:11,2058,42.1,0,3/7/2026 5:00:00,7.1,94
3/7/2026 6:02:11,2066,41.5,0,3/7/2026 6:00:00,6.9,94
3/7/2026 6:32:11,2061,41.9,0,3/7/2026 6:00:00,6.9,94
3/7/2026 7:02:11,2070,41.3,0,3/7/2026 7:00:00,7,94
3/7/2026 7:32:11,2064,41.7,0,3/7/2026 7:00:00,7,94
3/7/2026 8:02:11,2073,41.1,0,3/7/2026 8:00:00,7.2,93
3/7/2026 8:32:11,2076,40.9,0,3/7/2026 8:00:00,7.2,93
3/7/2026 9:02:11,1465,81.7,1.5,3/7/2026 9:00:00,7.7,91
3/7/2026 9:32:11,1463,81.8,0,3/7/2026 9:00:00,7.7,91
3/7/2026 10:02:11,1467,81.5,0,3/7/2026 10:00:00,8.4,89
3/7/2026 10:32:11,1473,81.1,0,3/7/2026 10:00:00,8.4,89
3/7/2026 11:02:11,1475,81,0,3/7/2026 11:00:00,9.1,87
3/7/2026 11:32:11,1494,79.7,0,3/7/2026 11:00:00,9.1,87
3/7/2026 12:02:11,1491,79.9,0,3/7/2026 12:00:00,8.6,87
3/7/2026 12:32:11,1509,78.7,0,3/7/2026 12:00:00,8.6,87
3/7/2026 13:02:11,1519,78.1,0,3/7/2026 13:00:00,9.1,85
3/7/2026 13:32:11,1506,78.9,0,3/7/2026 13:00:00,9.1,85
3/7/2026 14:02:11,1498,79.5,0,3/7/2026 14:00:00,9.4,84
3/7/2026 14:32:11,1513,78.5,0,3/7/2026 14:00:00,9.4,84
3/7/2026 15:02:11,1520,78,0,3/7/2026 15:00:00,9.8,84
3/7/2026 15:32:11,1514,78.4,0,3/7/2026 15:00:00,9.8,84
3/7/2026 16:02:11,1529,77.4,0,3/7/2026 16:00:00,9.9,84
3/7/2026 16:32:11,1538,76.8,0,3/7/2026 16:00:00,9.9,84
3/7/2026 17:02:11,1537,76.9,0,3/7/2026 17:00:00,9.6,85
3/7/2026 17:32:11,1539,76.7,0,3/7/2026 17:00:00,9.6,85
3/7/2026 18:02:11,1543,76.5,0,3/7/2026 18:00:00,8.9,88
3/7/2026 18:32:11,1567,74.9,0,3/7/2026 18:00:00,8.9,88
3/7/2026 19:02:11,1556,75.6,0,3/7/2026 19:00:00,8.5,90
3/7/2026 19:32:11,1555,75.7,0,3/7/2026 19:00:00,8.5,90
3/7/2026 20:02:11,1563,75.1,0,3/7/2026 20:00:00,8.2,92
3/7/2026 20:32:11,1575,74.3,0,3/7/2026 20:00:00,8.2,92
3/7/2026 21:02:11,1563,75.1,0,3/7/2026 21:00:00,8.2,93
3/7/2026 21:32:11,1574,74.4,0,3/7/2026 21:00:00,8.2,93
3/7/2026 22:02:11,1577,74.2,0,3/7/2026 22:00:00,8,95
3/7/2026 22:32:11,1579,74.1,0,3/7/2026 22:00:00,8,95
3/7/2026 23:02:11,1586,73.6,0,3/7/2026 23:00:00,7.6,97
3/7/2026 23:32:11,1572,74.5,0,3/7/2026 23:00:00,7.6,97
3/8/2026 0:02:11,1587,73.5,0,3/8/2026 0:00:00,8.1,100
3/8/2026 0:32:11,1573,74.5,0,3/8/2026 0:00:00,8.1,100
3/8/2026 1:02:11,1577,74.2,0,3/8/2026 1:00:00,7.8,100
3/8/2026 1:32:11,1592,73.2,0,3/8/2026 1:00:00,7.8,100
3/8/2026 2:02:11,1590,73.3,0,3/8/2026 2:00:00,7.7,100
3/8/2026 2:32:11,1585,73.6,0,3/8/2026 2:00:00,7.7,100
3/8/2026 3:02:11,1577,74.2,0,3/8/2026 3:00:00,7.5,99
3/8/2026 3:32:11,1593,73.1,0,3/8/2026 3:00:00,7.5,99
3/8/2026 4:02:11,1585,73.6,0,3/8/2026 4:00:00,7.3,100
3/8/2026 4:32:11,1584,73.7,0,3/8/2026 4:00:00,7.3,100
3/8/2026 5:02:11,1587,73.5,0,3/8/2026 5:00:00,7.2,100
3/8/2026 5:32:11,1596,72.9,0,3/8/2026 5:00:00,7.2,100
3/8/2026 6:02:11,1579,74.1,0,3/8/2026 6:00:00,7.2,99
3/8/2026 6:32:11,1600,72.6,0,3/8/2026 6:00:00,7.2,99
3/8/2026 7:02:11,1600,72.6,0,3/8/2026 7:00:00,7.2,99
3/8/2026 7:32:11,1595,73,0,3/8/2026 7:00:00,7.2,99
3/8/2026 8:02:11,1610,72,0,3/8/2026 8:00:00,7.2,100
3/8/2026 8:32:11,1611,71.9,0,3/8/2026 8:00:00,7.2,100
3/8/2026 9:02:11,1605,72.3,0,3/8/2026 9:00:00,7.6,97
3/8/2026 9:32:11,1609,72,0,3/8/2026 9:00:00,7.6,97
3/8/2026 10:02:11,1624,71,0,3/8/2026 10:00:00,8.3,94
3/8/2026 10:32:11,1610,72,0,3/8/2026 10:00:00,8.3,94
3/8/2026 11:02:11,1624,71,0,3/8/2026 11:00:00,9.2,90
3/8/2026 11:32:11,1626,70.9,0,3/8/2026 11:00:00,9.2,90
3/8/2026 12:02:11,1636,70.2,0,3/8/2026 12:00:00,9.4,87
3/8/2026 12:32:11,1642,69.8,0,3/8/2026 12:00:00,9.4,87
3/8/2026 13:02:11,1645,69.6,0,3/8/2026 13:00:00,10.2,84
3/8/2026 13:32:11,1659,68.7,0,3/8/2026 13:00:00,10.2,84
3/8/2026 14:02:11,1657,68.8,0,3/8/2026 14:00:00,11.2,80
3/8/2026 14:32:11,1657,68.8,0,3/8/2026 14:00:00,11.2,80
3/8/2026 15:02:11,1655,69,0,3/8/2026 15:00:00,12.1,76
3/8/2026 15:32:11,1676,67.6,0,3/8/2026 15:00:00,12.1,76
3/8/2026 16:02:11,1679,67.4,0,3/8/2026 16:00:00,12.6,73
3/8/2026 16:32:11,1691,66.6,0,3/8/2026 16:00:00,12.6,73
3/8/2026 17:02:11,1679,67.4,0,3/8/2026 17:00:00,12.4,75
3/8/2026 17:32:11,1689,66.7,0,3/8/2026 17:00:00,12.4,75
3/8/2026 18:02:11,1692,66.5,0,3/8/2026 18:00:00,10.5,84
3/8/2026 18:32:11,1696,66.2,0,3/8/2026 18:00:00,10.5,84
3/8/2026 19:02:11,1701,65.9,0,3/8/2026 19:00:00,8.8,92
3/8/2026 19:32:11,1692,66.5,0,3/8/2026 19:00:00,8.8,92
3/8/2026 20:02:11,1716,64.9,0,3/8/2026 20:00:00,7.8,97
3/8/2026 20:32:11,1716,64.9,0,3/8/2026 20:00:00,7.8,97
3/8/2026 21:02:11,1722,64.5,0,3/8/2026 21:00:00,7.7,97
3/8/2026 21:32:11,1732,63.8,0,3/8/2026 21:00:00,7.7,97
3/8/2026 22:02:11,1713,65.1,0,3/8/2026 22:00:00,7.7,97
3/8/2026 22:32:11,1717,64.8,0,3/8/2026 22:00:00,7.7,97
3/8/2026 23:02:11,1719,64.7,0,3/8/2026 23:00:00,7.8,96
3/8/2026 23:32:11,1736,63.6,0,3/8/2026 23:00:00,7.8,96
3/9/2026 0:02:11,1708,65.4,0,3/9/2026 0:00:00,8,97
3/9/2026 0:32:11,1727,64.2,0,3/9/2026 0:00:00,8,97
3/9/2026 1:02:11,1713,65.1,0,3/9/2026 1:00:00,7.8,96
3/9/2026 1:32:11,1706,65.6,0,3/9/2026 1:00:00,7.8,96
3/9/2026 2:02:11,1712,65.2,0,3/9/2026 2:00:00,7.5,97
3/9/2026 2:32:11,1718,64.8,0,3/9/2026 2:00:00,7.5,97
3/9/2026 3:02:11,1739,63.4,0,3/9/2026 3:00:00,7.1,99
3/9/2026 3:32:11,1725,64.3,0,3/9/2026 3:00:00,7.1,99
3/9/2026 4:02:11,1732,63.8,0,3/9/2026 4:00:00,7,100
3/9/2026 4:32:11,1726,64.2,0,3/9/2026 4:00:00,7,100
3/9/2026 5:02:11,1742,63.2,0,3/9/2026 5:00:00,7.1,99
3/9/2026 5:32:11,1729,64,0,3/9/2026 5:00:00,7.1,99
3/9/2026 6:02:11,1750,62.6,0,3/9/2026 6:00:00,6.7,99
3/9/2026 6:32:11,1733,63.8,0,3/9/2026 6:00:00,6.7,99
3/9/2026 7:02:11,1737,63.5,0,3/9/2026 7:00:00,6.9,100
3/9/2026 7:32:11,1745,63,0,3/9/2026 7:00:00,6.9,100
3/9/2026 8:02:11,1746,62.9,0,3/9/2026 8:00:00,7.4,99
3/9/2026 8:32:11,1761,61.9,0,3/9/2026 8:00:00,7.4,99
3/9/2026 9:02:11,1755,62.3,0,3/9/2026 9:00:00,8.1,97
3/9/2026 9:32:11,1749,62.7,0,3/9/2026 9:00:00,8.1,97
3/9/2026 10:02:11,1758,62.1,0,3/9/2026 10:00:00,9.2,93
3/9/2026 10:32:11,1762,61.8,0,3/9/2026 10:00:00,9.2,93
3/9/2026 11:02:11,1777,60.8,0,3/9/2026 11:00:00,10.6,89
3/9/2026 11:32:11,1778,60.8,0,3/9/2026 11:00:00,10.6,89
3/9/2026 12:02:11,1778,60.8,0,3/9/2026 12:00:00,11.7,82
3/9/2026 12:32:11,1791,59.9,0,3/9/2026 12:00:00,11.7,82
3/9/2026 13:02:11,1785,60.3,0,3/9/2026 13:00:00,13.2,76
3/9/2026 13:32:11,1793,59.8,0,3/9/2026 13:00:00,13.2,76
3/9/2026 14:02:11,1800,59.3,0,3/9/2026 14:00:00,14.1,74
3/9/2026 14:32:11,1816,58.2,0,3/9/2026 14:00:00,14.1,74
3/9/2026 15:02:11,1808,58.8,0,3/9/2026 15:00:00,13.9,76
3/9/2026 15:32:11,1811,58.6,0,3/9/2026 15:00:00,13.9,76
3/9/2026 16:02:11,1810,58.6,0,3/9/2026 16:00:00,14,76
3/9/2026 16:32:11,1829,57.4,0,3/9/2026 16:00:00,14,76
3/9/2026 17:02:11,1824,57.7,0,3/9/2026 17:00:00,13.6,74
3/9/2026 17:32:11,1836,56.9,0,3/9/2026 17:00:00,13.6,74
3/9/2026 18:02:11,1822,57.8,0,3/9/2026 18:00:00,11,99
3/9/2026 18:32:11,1850,56,0,3/9/2026 18:00:00,11,99
3/9/2026 19:02:11,1835,57,0,3/9/2026 19:00:00,10.5,99
3/9/2026 19:32:11,1843,56.4,0,3/9/2026 19:00:00,10.5,99
3/9/2026 20:02:11,1862,55.2,0,3/9/2026 20:00:00,10,97
3/9/2026 20:32:11,1845,56.3,0,3/9/2026 20:00:00,10,97
3/9/2026 21:02:11,1856,55.6,0,3/9/2026 21:00:00,9.6,98
3/9/2026 21:32:11,1859,55.4,0,3/9/2026 21:00:00,9.6,98
3/9/2026 22:02:11,1852,55.8,0,3/9/2026 22:00:00,9.4,98
3/9/2026 22:32:11,1872,54.5,0,3/9/2026 22:00:00,9.4,98
3/9/2026 23:02:11,1875,54.3,0,3/9/2026 23:00:00,9.4,97
3/9/2026 23:32:11,1849,56,0,3/9/2026 23:00:00,9.4,97
3/10/2026 0:02:11,1854,55.7,0,3/10/2026 0:00:00,9.1,95
3/10/2026 0:32:11,1874,54.4,0,3/10/2026 0:00:00,9.1,95
3/10/2026 1:02:11,1858,55.4,0,3/10/2026 1:00:00,9.1,96
3/10/2026 1:32:11,1867,54.8,0,3/10/2026 1:00:00,9.1,96
3/10/2026 2:02:11,1873,54.4,0,3/10/2026 2:00:00,9.1,96
3/10/2026 2:32:11,1879,54,0,3/10/2026 2:00:00,9.1,96
3/10/2026 3:02:11,1873,54.4,0,3/10/2026 3:00:00,9.1,95
3/10/2026 3:32:11,1877,54.2,0,3/10/2026 3:00:00,9.1,95
3/10/2026 4:02:11,1872,54.5,0,3/10/2026 4:00:00,9.1,95
3/10/2026 4:32:11,1890,53.3,0,3/10/2026 4:00:00,9.1,95
3/10/2026 5:02:11,1877,54.2,0,3/10/2026 5:00:00,9.1,94
3/10/2026 5:32:11,1885,53.6,0,3/10/2026 5:00:00,9.1,94
3/10/2026 6:02:11,1880,54,0,3/10/2026 6:00:00,9.1,94
3/10/2026 6:32:11,1886,53.5,0,3/10/2026 6:00:00,9.1,94
3/10/2026 7:02:11,1885,53.6,0,3/10/2026 7:00:00,9.1,94
3/10/2026 7:32:11,1887,53.5,0,3/10/2026 7:00:00,9.1,94
3/10/2026 8:02:11,1882,53.8,0,3/10/2026 8:00:00,9.2,91
3/10/2026 8:32:11,1900,52.6,0,3/10/2026 8:00:00,9.2,91
3/10/2026 9:02:11,1909,52,0,3/10/2026 9:00:00,9.7,87
3/10/2026 9:32:11,1904,52.3,0,3/10/2026 9:00:00,9.7,87
3/10/2026 10:02:11,1912,51.8,0,3/10/2026 10:00:00,10.4,80
3/10/2026 10:32:11,1917,51.5,0,3/10/2026 10:00:00,10.4,80
3/10/2026 11:02:11,1922,51.1,0,3/10/2026 11:00:00,11.1,75
3/10/2026 11:32:11,1922,51.1,0,3/10/2026 11:00:00,11.1,75
3/10/2026 12:02:11,1925,50.9,0,3/10/2026 12:00:00,11.1,73
3/10/2026 12:32:11,1935,50.3,0,3/10/2026 12:00:00,11.1,73
3/10/2026 13:02:11,1934,50.3,0,3/10/2026 13:00:00,11.9,66
3/10/2026 13:32:11,1930,50.6,0,3/10/2026 13:00:00,11.9,66
3/10/2026 14:02:11,1943,49.7,0,3/10/2026 14:00:00,12.2,62
3/10/2026 14:32:11,1933,50.4,0,3/10/2026 14:00:00,12.2,62
3/10/2026 15:02:11,1953,49.1,0,3/10/2026 15:00:00,12.2,61
3/10/2026 15:32:11,1961,48.5,0,3/10/2026 15:00:00,12.2,61
3/10/2026 16:02:11,1973,47.7,0,3/10/2026 16:00:00,11.4,64
3/10/2026 16:32:11,1969,48,0,3/10/2026 16:00:00,11.4,64
3/10/2026 17:02:11,1980,47.3,0,3/10/2026 17:00:00,10.8,70
3/10/2026 17:32:11,1977,47.5,0,3/10/2026 17:00:00,10.8,70
3/10/2026 18:02:11,1973,47.7,0,3/10/2026 18:00:00,10.1,76
3/10/2026 18:32:11,1974,47.7,0,3/10/2026 18:00:00,10.1,76
3/10/2026 19:02:11,1982,47.1,0,3/10/2026 19:00:00,9.6,79
3/10/2026 19:32:11,1983,47.1,0,3/10/2026 19:00:00,9.6,79
3/10/2026 20:02:11,2003,45.7,0,3/10/2026 20:00:00,9.4,81
3/10/2026 20:32:11,1998,46.1,0,3/10/2026 20:00:00,9.4,81
3/10/2026 21:02:11,2005,45.6,0,3/10/2026 21:00:00,9.6,82
3/10/2026 21:32:11,2003,45.7,0,3/10/2026 21:00:00,9.6,82
3/10/2026 22:02:11,2012,45.1,0,3/10/2026 22:00:00,10.1,82
3/10/2026 22:32:11,2014,45,0,3/10/2026 22:00:00,10.1,82
3/10/2026 23:02:11,2002,45.8,0,3/10/2026 23:00:00,10.2,82
3/10/2026 23:32:11,2006,45.5,0,3/10/2026 23:00:00,10.2,82
3/11/2026 0:02:11,2006,45.5,0,3/11/2026 0:00:00,10.4,84
3/11/2026 0:32:11,1998,46.1,0,3/11/2026 0:00:00,10.4,84
3/11/2026 1:02:11,2018,44.7,0,3/11/2026 1:00:00,10.1,86
3/11/2026 1:32:11,2024,44.3,0,3/11/2026 1:00:00,10.1,86
3/11/2026 2:02:11,2016,44.9,0,3/11/2026 2:00:00,10.1,87
3/11/2026 2:32:11,2013,45.1,0,3/11/2026 2:00:00,10.1,87
3/11/2026 3:02:11,2028,44.1,0,3/11/2026 3:00:00,10.1,89
3/11/2026 3:32:11,2002,45.8,0,3/11/2026 3:00:00,10.1,89
3/11/2026 4:02:11,2023,44.4,0,3/11/2026 4:00:00,10,93
3/11/2026 4:32:11,2024,44.3,0,3/11/2026 4:00:00,10,93
3/11/2026 5:02:11,2020,44.6,0,3/11/2026 5:00:00,10.4,93
3/11/2026 5:32:11,2037,43.5,0,3/11/2026 5:00:00,10.4,93
3/11/2026 6:02:11,2036,43.5,0,3/11/2026 6:00:00,10.1,89
3/11/2026 6:32:11,2027,44.1,0,3/11/2026 6:00:00,10.1,89
3/11/2026 7:02:11,2030,43.9,0,3/11/2026 7:00:00,8.9,83
3/11/2026 7:32:11,2029,44,0,3/11/2026 7:00:00,8.9,83
3/11/2026 8:02:11,2030,43.9,0,3/11/2026 8:00:00,9.1,78
3/11/2026 8:32:11,2028,44.1,0,3/11/2026 8:00:00,9.1,78
3/11/2026 9:02:11,1502,79.2,1.25,3/11/2026 9:00:00,9.8,75
3/11/2026 9:32:11,1501,79.3,0,3/11/2026 9:00:00,9.8,75
3/11/2026 10:02:11,1503,79.1,0,3/11/2026 10:00:00,10.7,66
3/11/2026 10:32:11,1492,79.9,0,3/11/2026 10:00:00,10.7,66
3/11/2026 11:02:11,1522,77.9,0,3/11/2026 11:00:00,11.3,63
3/11/2026 11:32:11,1525,77.7,0,3/11/2026 11:00:00,11.3,63
3/11/2026 12:02:11,1515,78.3,0,3/11/2026 12:00:00,11.4,56
3/11/2026 12:32:11,1511,78.6,0,3/11/2026 12:00:00,11.4,56
3/11/2026 13:02:11,1517,78.2,0,3/11/2026 13:00:00,11.9,52
3/11/2026 13:32:11,1532,77.2,0,3/11/2026 13:00:00,11.9,52
3/11/2026 14:02:11,1526,77.6,0,3/11/2026 14:00:00,12.1,51
3/11/2026 14:32:11,1538,76.8,0,3/11/2026 14:00:00,12.1,51
3/11/2026 15:02:11,1552,75.9,0,3/11/2026 15:00:00,12,51
3/11/2026 15:32:11,1536,76.9,0,3/11/2026 15:00:00,12,51
3/11/2026 16:02:11,1569,74.7,0,3/11/2026 16:00:00,11.8,51
3/11/2026 16:32:11,1571,74.6,0,3/11/2026 16:00:00,11.8,51
3/11/2026 17:02:11,1553,75.8,0,3/11/2026 17:00:00,11.1,56
3/11/2026 17:32:11,1556,75.6,0,3/11/2026 17:00:00,11.1,56
3/11/2026 18:02:11,1569,74.7,0,3/11/2026 18:00:00,10.1,62
3/11/2026 18:32:11,1567,74.9,0,3/11/2026 18:00:00,10.1,62
3/11/2026 19:02:11,1578,74.1,0,3/11/2026 19:00:00,9.2,66
3/11/2026 19:32:11,1563,75.1,0,3/11/2026 19:00:00,9.2,66
3/11/2026 20:02:11,1586,73.6,0,3/11/2026 20:00:00,8.2,70
3/11/2026 20:32:11,1604,72.4,0,3/11/2026 20:00:00,8.2,70
3/11/2026 21:02:11,1582,73.8,0,3/11/2026 21:00:00,7.6,70
3/11/2026 21:32:11,1590,73.3,0,3/11/2026 21:00:00,7.6,70
3/11/2026 22:02:11,1582,73.8,0,3/11/2026 22:00:00,7.3,74
3/11/2026 22:32:11,1601,72.6,0,3/11/2026 22:00:00,7.3,74
3/11/2026 23:02:11,1595,73,0,3/11/2026 23:00:00,7,78
3/11/2026 23:32:11,1614,71.7,0,3/11/2026 23:00:00,7,78
3/12/2026 0:02:11,1602,72.5,0,3/12/2026 0:00:00,6.5,79
3/12/2026 0:32:11,1599,72.7,0,3/12/2026 0:00:00,6.5,79
3/12/2026 1:02:11,1608,72.1,0,3/12/2026 1:00:00,6.4,80
3/12/2026 1:32:11,1601,72.6,0,3/12/2026 1:00:00,6.4,80
3/12/2026 2:02:11,1595,73,0,3/12/2026 2:00:00,6.4,81
3/12/2026 2:32:11,1610,72,0,3/12/2026 2:00:00,6.4,81
3/12/2026 3:02:11,1608,72.1,0,3/12/2026 3:00:00,6.7,83
3/12/2026 3:32:11,1612,71.8,0,3/12/2026 3:00:00,6.7,83
3/12/2026 4:02:11,1615,71.6,0,3/12/2026 4:00:00,7.1,83
3/12/2026 4:32:11,1610,72,0,3/12/2026 4:00:00,7.1,83
3/12/2026 5:02:11,1618,71.4,0,3/12/2026 5:00:00,7.4,82
3/12/2026 5:32:11,1630,70.6,0,3/12/2026 5:00:00,7.4,82
3/12/2026 6:02:11,1609,72,0,3/12/2026 6:00:00,8.1,80
3/12/2026 6:32:11,1633,70.4,0,3/12/2026 6:00:00,8.1,80
3/12/2026 7:02:11,1619,71.4,0,3/12/2026 7:00:00,8.6,76
3/12/2026 7:32:11,1616,71.6,0,3/12/2026 7:00:00,8.6,76
3/12/2026 8:02:11,1643,69.8,0,3/12/2026 8:00:00,9.4,76
3/12/2026 8:32:11,1630,70.6,0,3/12/2026 8:00:00,9.4,76
3/12/2026 9:02:11,1643,69.8,0,3/12/2026 9:00:00,9.9,79
3/12/2026 9:32:11,1643,69.8,0,3/12/2026 9:00:00,9.9,79
3/12/2026 10:02:11,1627,70.8,0,3/12/2026 10:00:00,10.9,74
3/12/2026 10:32:11,1646,69.6,0,3/12/2026 10:00:00,10.9,74
3/12/2026 11:02:11,1645,69.6,0,3/12/2026 11:00:00,11.2,72
3/12/2026 11:32:11,1643,69.8,0,3/12/2026 11:00:00,11.2,72
3/12/2026 12:02:11,1643,69.8,0,3/12/2026 12:00:00,11.6,73
3/12/2026 12:32:11,1663,68.4,0,3/12/2026 12:00:00,11.6,73
3/12/2026 13:02:11,1672,67.8,0,3/12/2026 13:00:00,11.4,75
3/12/2026 13:32:11,1676,67.6,0,3/12/2026 13:00:00,11.4,75
3/12/2026 14:02:11,1675,67.6,0,3/12/2026 14:00:00,11.1,77
3/12/2026 14:32:11,1676,67.6,0,3/12/2026 14:00:00,11.1,77
3/12/2026 15:02:11,1679,67.4,0,3/12/2026 15:00:00,10.9,80
3/12/2026 15:32:11,1688,66.8,0,3/12/2026 15:00:00,10.9,80
3/12/2026 16:02:11,1689,66.7,0,3/12/2026 16:00:00,11.4,79
3/12/2026 16:32:11,1700,66,0,3/12/2026 16:00:00,11.4,79
3/12/2026 17:02:11,1707,65.5,0,3/12/2026 17:00:00,11.6,79
3/12/2026 17:32:11,1704,65.7,0,3/12/2026 17:00:00,11.6,79
3/12/2026 18:02:11,1714,65,0,3/12/2026 18:00:00,11.5,81
3/12/2026 18:32:11,1714,65,0,3/12/2026 18:00:00,11.5,81
3/12/2026 19:02:11,1724,64.4,0,3/12/2026 19:00:00,11.4,83
3/12/2026 19:32:11,1732,63.8,0,3/12/2026 19:00:00,11.4,83
3/12/2026 20:02:11,1734,63.7,0,3/12/2026 20:00:00,11.4,83
3/12/2026 20:32:11,1737,63.5,0,3/12/2026 20:00:00,11.4,83